public_essay_id,created_epoch,created_timestamp,public_prompt_id,public_user_id,user_prompt,essay_version_num,is_first_version,is_final_version,language,text,wi_suspecttokens,automarker_cefr_level,humannotator_cefr_level,split,cefr_mapped,word_count,length_category
essay_464518922f58cd70,1648130746,2022-03-24 14:05:46,prompt_91752a41d038711e,user_e52dc12def002422,user_e52dc12def002422_prompt_91752a41d038711e,3,False,True,Polish,"Hello Sam, I'm happy to see you tomorrow evening, please come around 6 pm, I'llhave some snacks, however, I don't know what would you like to drink  so bring something with you. There is some work on the main road at the moment so you will have to take a different route. You need to go through Soudbourne, turn into a Parkwood Road and then to a Harvey Road, turn the first right, keep straight on to a Harcourt Road and then turn first left into my road.  Anna",,B1+,A2+,train,A2,89,short
essay_be645125371cce84,1646766800,2022-03-08 19:13:20,prompt_23ed369963fb84a1,user_857036616d9f25cb,user_857036616d9f25cb_prompt_23ed369963fb84a1,11,False,True,Spanish,"I like to sleep in a dark and quiet room, but if there a small light, I don't mind. Sometimes, when there's a bit of noise, I can sleep without troubles. I can't sleep very well when the room is cold or hot. When I am watching TV, I like to sleep for a little while. If my neighbour has a party with loud music on Friday, it don't mind. I have a heavy sleep. ",,B1,A2+,train,A2,75,short
essay_8a6367b6ac1dca98,1652882994,2022-05-18 15:09:54,prompt_98e191fa5bded725,user_fb3f75e0a39b8a02,user_fb3f75e0a39b8a02_prompt_98e191fa5bded725,2,False,True,Romanian,"Hello, Cristina! How are you now?I'm sorry about your problem... I hope I can help you. What about your homework? I think I can send you what I wrote in the class today.I will do it every day if you agree. I want to visit you today.Can I? See you soon! Kisses, Veronika ",,B1,A2+,train,A2,53,short
essay_7317ee210bee1728,1613744963,2021-02-19 14:29:23,prompt_87f7c87fb31b5da2,user_c1202d2312d75177,user_c1202d2312d75177_prompt_87f7c87fb31b5da2,4,False,True,Polish,"I would like to tell you about my favourite dish. It's a Polish speciality that we mostly eat once a year on a Fat-Thursday.  I like it, because it's delicate and crunchy. It's also acutely sweet. ",,B1,A2+,train,A2,36,short
essay_6a498258871ef0ad,1583845225,2020-03-10 13:00:25,prompt_2ef4e350c1009968,user_b9eb0f3f59f860ce,user_b9eb0f3f59f860ce_prompt_2ef4e350c1009968,2,False,True,Hindi,"I know you have heard about it very much the most crowded city in India .It's true .This is the city of dream.The place where people don't sleep the place where dreams are most important then the peaceful sleep .Yes, you guessed it right , it's none other than Mumbai. My beautiful home town Mumbai. As you know Mumbai is famous for food and also for  the museum such as Shivaji Art museum.",,B1,A2+,train,A2,73,short
essay_a0175bbb457ac6b9,1648825815,2022-04-01 16:10:15,prompt_49f744b86a7de069,user_29907fe688340c18,user_29907fe688340c18_prompt_49f744b86a7de069,2,False,True,Vietnamese,"Hi bae, thanks for look after my house. I will give you a house key tomorrow. I don't plant anything at my house and I don't have a pet too. I will check mail by myselt.",,A2,A2+,dev,A2,36,short
essay_2236ddfebff0f8f1,1630665607,2021-09-03 11:40:07,prompt_4671630d1fa03592,user_93cec5ca9bdab1db,user_93cec5ca9bdab1db_prompt_4671630d1fa03592,5,False,True,Spanish,"Hi Rie, You're a kind person. I can come to dinner about 7 o´clock. I'd like to eat, rice and fried meat. Also with a beer, but no worry I'll brought that. See you soon.",,A2+,A2,train,A2,35,short
essay_4a141d5245b6f03d,1603298200,2020-10-21 17:36:40,prompt_a16c7dd5b5c59b57,user_fe22443efc4db1b1,user_fe22443efc4db1b1_prompt_a16c7dd5b5c59b57,5,False,True,Turkish,"Yes, I like do exercise. I do taekvando. I do exercise four times a week. I prefer to do it in the gym. Because I think doing exercise at the gym is easier then  doing exercise at outside. For exercise, I like riding a bike, playing football,  doing taekvando and playing chess. My favorite sports are taekvando and chess.",,A2,A2+,train,A2,59,short
essay_c11c2e7481655f98,1613570007,2021-02-17 13:53:27,prompt_40037060180c75db,user_34cf41bca812c5b3,user_34cf41bca812c5b3_prompt_40037060180c75db,2,False,True,Italian,"Unfortunately I have not much free time because I study a lot. But when I have some free time I love to go running and listening to music too. Obviusly when it is bad weather I listen to the music, otherwise I go to the park to running.",,A2,A2+,dev,A2,48,short
essay_e07038ad54696bc4,1610805400,2021-01-16 13:56:40,prompt_6305e66e9a1bd3db,user_92f00692e2786fd0,user_92f00692e2786fd0_prompt_6305e66e9a1bd3db,4,False,True,Burmese,"Hi Billal, I went on a trip to Yangon with my classmates  last week. This was my first time trip without my parents. I was entirely  excite throughout of this trip. We did a  temporary tent to live and sleep in there for one day. AS soon as we arrived , we went out to look for firewood for cooking rice and meats. We had our lunch in the afternoon which was  so delicious  I had eaten ever. We were very happpy in there because of getting  chance to touch the beauty of nature.",,B1,A2+,train,A2,94,short
essay_1a0c060d20fe5dab,1617853316,2021-04-08 04:41:56,prompt_7fb0941f7b739572,user_51f1eb9c60a4f386,user_51f1eb9c60a4f386_prompt_7fb0941f7b739572,3,False,True,Japanese,"Hi, As to the birthday celebration in Japan, I think it is almost the same as you wrote in your letter. Especially for children, we have a special dinner with the familiy for the birthday celebration. After the meal, we also sing a birthday song and eat a birthday cake togethter.  regards, ",,A2+,A2+,train,A2,52,short
essay_bc8feabc6e020d43,1613673737,2021-02-18 18:42:17,prompt_23ed369963fb84a1,user_e0279583f0b7bf33,user_e0279583f0b7bf33_prompt_23ed369963fb84a1,3,False,True,Spanish,"Hi  Usually I sleep in a dark but I need hear a podcast for clear up my mind. For example, when I went to slept yesterday I was preparing a video of Youtube about Seneca just before i adressed to the bed, after that it finished the video I was just sleeping. Normally i follow this steps every night although some nights I needn't anything simply I turn off lights and I fall sleep. Good night","184,192",A2,A2+,train,A2,76,short
essay_26c1df8c729a2ad6,1653033113,2022-05-20 08:51:53,prompt_43448f28d3ce551a,user_fc9b88f1beb540e8,user_fc9b88f1beb540e8_prompt_43448f28d3ce551a,3,False,True,Persian,Hi Chris we will travel to the museum with the subway. we get on the first station of the second subway line and get off  at the eighth station . we would like to see the ancient and native parts also you can bring your camera  for taking the picture. see you tomorrow,,A2+,A2+,train,A2,53,short
essay_c44aed40ab1d35e7,1595562845,2020-07-24 04:54:05,prompt_029cb9051e09e186,user_a15b258cac354c33,user_a15b258cac354c33_prompt_029cb9051e09e186,7,False,True,Vietnamese,I often listen to the music at my free time. I like listening to the music because it makes me unstressful and  have new energy for working. My favourist music is classical guitar performance. I like romantic songs performed by the most famous artist all over the world. I listened to the music last night.    ,,A2+,A2+,train,A2,55,short
essay_b10cdebdce0a3584,1600135041,2020-09-15 02:57:21,prompt_029cb9051e09e186,user_1775c1f82609017a,user_1775c1f82609017a_prompt_029cb9051e09e186,5,False,True,Vietnamese,"Due to Corona crisit We have much time at home, we can call it we have more free time at meantime. In my free time, I usually to read a book and hear English. When I read the book I can reach with ideas that from famous brained then We can learn from that some grate ideas.",,A2+,A2,train,A2,57,short
essay_ba6f62beb17567b1,1597718697,2020-08-18 03:44:57,prompt_49f744b86a7de069,user_1a57f63e762dc86f,user_1a57f63e762dc86f_prompt_49f744b86a7de069,4,False,True,Spanish,"Neighbour, here is a little list that you must pay attention.  Keep the keys in a safe place. You have to water the plants very often. Fill up the dog's plate. Pick up the mail from its container.  See you soon.",,A2+,A2+,train,A2,41,short
essay_21474895d933d385,1587533609,2020-04-22 06:33:29,prompt_9d22a5a9df98ce09,user_cf40c5eb72b4ea75,user_cf40c5eb72b4ea75_prompt_9d22a5a9df98ce09,8,False,True,Arabic,"From my point of view, 60 percent of teaching process it depends on the way that is a teacher presents the materials and lessons.  What the stratigies he used and exercise and methods to navigates ths benefits of the course. In addition how he makes assessment for the students to make sure they are understand the lessons.  The second, 40 percent walks around the teacher. the charisma, the technics he provides attracts the attention of the students.  In my opinion it is not about the years the teacher teaches  them or having a new teacher in each year. Many students tend to a good teacher reputation. Also. the views from his learners, are they satisfied regard to his teaching  or frustrated because of him, the scores the students got when he taught them.  obviously it is more than the teacher it is learning organziation, teaching procedures and skilled teacher in the end of the circle.","8,13,14,16",B1+,A2+,train,A2,155,medium
essay_0bfefe1d988da891,1606022452,2020-11-22 05:20:52,prompt_4671630d1fa03592,user_98a48e34646b963e,user_98a48e34646b963e_prompt_4671630d1fa03592,2,False,True,Turkish,Hi Rie. Thank you. I will come you tomorrow at 7 o'clock. I like to veal for dinner. But don't feel compulsory. I will eat anything that you labored.  See you tomorrow.,,A1+,A2+,train,A2,32,short
essay_f1bba7af7b8bbbf9,1583598475,2020-03-07 16:27:55,prompt_2ef4e350c1009968,user_c493c9711bbf8514,user_c493c9711bbf8514_prompt_2ef4e350c1009968,10,False,True,Spanish,"One of the important landmarks is, the 'Cake statue'. You can shop in our big mall. You can live in our houses too. There is a park called 'Orchid Park'. Also there is a museum in the square. There are restaurants of fast food, Italian food and all kinds of food in the world. You can go to the cinema and to the theatre at night time.",,B1,A2+,train,A2,67,short
essay_83602341bebd95b6,1597407918,2020-08-14 13:25:18,prompt_7fb0941f7b739572,user_1b903dc0c91336a5,user_1b903dc0c91336a5_prompt_7fb0941f7b739572,4,False,True,Chinese,Happy Birthday to you my friend. In my country how we celebrate birthday that I think it just the same as you did. Like us when we want to hold a birthday party to celebrate that we normally chosen a fancy restaurant for holding such this party and get together have fun.,,A2+,A2+,dev,A2,52,short
essay_0ed44a9c7b588727,1630211710,2021-08-29 05:35:10,prompt_58b9f5f522c0a1ba,user_c1cec92a59f53454,user_c1cec92a59f53454_prompt_58b9f5f522c0a1ba,10,False,True,Vietnamese,"In this flat world, every country has to open to the world if that country wants to push themselves forward, then a bridge to connect to the world is language. English, not by word, was chosen to become a globalization language, no country can deny it.For example, the first president of Singapore, Lee Kuan Yew, chosen English is the national language over Chinese, the history proves that his choice is a brilliant move. People know English can communicate with businessmen from the western world, students know English can learn with higher quality education material. In just two decades, Singapore became one of four dragons in Asia with the high living condition. So, if we want to become a global citizen, we must learn English, especially is communication. In some company, they only hire person has English certificate . Master four English skills will give you an enormous opportunity to advance your career and explore new horizons. You should learn English every day.","552,561,562,570",B2,B1+,train,B1,162,medium
essay_4d799ec67c6fab37,1582230775,2020-02-20 20:32:55,prompt_179938ed5e90b50a,user_23aea986de7847ee,user_23aea986de7847ee_prompt_179938ed5e90b50a,2,False,True,Japanese,"Thanks to the spread of the internet we can have many choices the way of studying.We need not go to school because we can study subjects to connect to the internet.We can enter the school which is located far from you or abroad. We can make the style of our school of the future autmatic using the internet,but I think the real school of the future doesn't change a lot.Because what we should do in school is not only studying subjects but also getting our social mind.For student what is most important to learn is how we face with the defficult problems.we learn it with your friends and classmate and some time people who you hate.social mind cannot learn where you are alone.So the school of the future will be convenient thanks to the internet but will not change its essence at all.  ",,B1,B1+,train,B1,143,medium
essay_66b73a1580e1904b,1601076415,2020-09-26 00:26:55,prompt_e4c497f7613dcf8a,user_3da0268a93d2c338,user_3da0268a93d2c338_prompt_e4c497f7613dcf8a,3,False,True,Arabic,"Hello teacher, Hello everybody. Today I will tell you about the new school year. First, I hope in the new school year to meet all my classmates after came back from the holiday, also, I am missing all my friends. Well, I like English class, Math, and history, but I don't like physics, I think it more difficult. Second, I want to improve in my language, English off special , I feel  still weak to my language. So, I want also improve to music class because I can't play in the piano. also is didn't forget is Math I think I need also improve it. Finally, I will do to all my power to achieve my goals, I will too much study every day for four hours. also, I will go to study with my smart friend, also I will to attend private class with new teachers because they will help me to achieve my goals. Thank you so much, my teacher. See you soon. Bye. ","699,703",B1,B1,train,B1,166,medium
essay_3d32e6c47539151c,1610880531,2021-01-17 10:48:51,prompt_58852905890136d4,user_89844f42535abd6a,user_89844f42535abd6a_prompt_58852905890136d4,4,False,True,Arabic,"Travel in the future The travel is moving from the place A to the place B with public travelling vehicles, train, bus, airplane, sheep, private cars etc. I think, there will be big changes on the duration of the journeies. It will be so shorter than current journies. It will be also more comfortable. The capacitance of the vehicle will be bigger. The available joy tools will be more. The time of departure and the time of arrival will be more punctual. The appearance of the booking applications and webpages well be programmed more amazingly. The free internet entrance well be free on every travelling way. The noise, which is produced by the travelling engines, will be softer.  of the The pad affects of those engines will become milder. That means, the co2 and the pad gases will be produces less by the engines. The engine might become electrical and won't be able to produce any gases.  It will be better for the people, whol like travelling and at the same time they won't affect the nature badly. Finally, the prognoses might be totally different from the reality. But one is allowed to imagine new possible innovations.  Thank you.","556,564",B2+,B1+,train,B1,199,medium
essay_895efe69d0409d80,1653437731,2022-05-25 01:15:31,prompt_82f61f70f00cce70,user_93cec5ca9bdab1db,user_93cec5ca9bdab1db_prompt_82f61f70f00cce70,2,False,True,Spanish,"Should computers and tablets completely replace books in schools and universities? I don’t think so. Of course, tablets and computers are very useful. Think about it, all your notes and your information are in the cloud or on your computer. All our data one way or another is partially or completely in the computer’s memory. But they will completely replace books made paper I doubt it. Because the books you can read any time, any place include without electrical energy. You can make your notes in your books, so simple, just write. The advantage no one can see your notes and your notebook does not need upgrade constantly. Anyway, in my opinion, the best of reading books is that they don’t hurt your eyes. If you read the screen after a few hours your eyes will hurt. Never do my eyes hurt when I read a book, obviously with adequate light.",,B1+,B1+,train,B1,151,medium
essay_c74581f6608cf12a,1604996789,2020-11-10 08:26:29,prompt_719435a48902a4b5,user_99ea8e2674631ed6,user_99ea8e2674631ed6_prompt_719435a48902a4b5,3,False,True,Chinese,"Dear Mrs. Böttcher, Now I'm studying English. And it is really amazing to improve my spoken and writing English by doing various exercises. Besides English, I still want to learn French. Since I'm very interested in amazing French music and art, learning French will help me better understand these things.  Furthermore, I want to start a French course as soon as possible. Can you help me to register for the course?  Kind regards, Anna ",,B2,B1,train,B1,74,short
essay_3a12d568630f269c,1593167843,2020-06-26 11:37:23,prompt_305b51299790d8a8,user_8c9732dcd0089610,user_8c9732dcd0089610_prompt_305b51299790d8a8,2,False,True,French,"I believe that I have two favourite seasons of the year. In one hand, it is Spring because the weather is cold and hot at the same time so you can wear light clothes and cold clothes. In Spring, you don 't sweat because it 's not very hot and it is windy. Moreover, I was born  in March and in this month, the season is Winter and Spring, so I celebrate my birthday in these two seasons. In the other hand, I like Winter too because I celebrate Christmas with my family. In Winter, I am fond of snowing because I find it fantastic, amazing and unbelievable. I also love Winter because because it 's the birthday of my best friend Cruz and I celebrate it with him. I do not really like Summer because the weather is too hot for me.","57,59,320,326,414,420",B1+,B1,train,B1,143,medium
essay_b87e77da33ff7714,1663150242,2022-09-14 11:10:42,prompt_49f744b86a7de069,user_1133dd07aeb7dbec,user_1133dd07aeb7dbec_prompt_49f744b86a7de069,3,False,True,Burmese,"Dear Kyaw, I really appreciate your looking after my home during my family holiday trip. I want to tell you something that is my door key is under the chair which is next to front of window. Could you take care of ma cat, please? Don't over do it, just feed two times per day. If you have any problem please send email to me. ",,A2+,B1,train,B1,65,short
essay_b8231a9954f64faa,1592995066,2020-06-24 11:37:46,prompt_046678dfe42e3068,user_de6de921b320d545,user_de6de921b320d545_prompt_046678dfe42e3068,2,False,True,Spanish,"I`m studying English all my life. I didn' have any title to show this so, last year, I decided to study English through the UNED University. Our teacher recommend us some webs to improve our English level. This year I'm studying Beginner level. I'm using a web called 'Write & improve' I think it helps me a lot and I agree with I improve my English level. I use it to write some text and I like it because it can permiss me to know which mistakes I have done. I recommend it because it is very useful for everybody. It has got different levels and it is very easy to use. There isn't anything to say I don't like it. Maybe I don't like that I have finished Beginner level and now I'm trying to practise Intermediate level to follow improving my English level.",,B1,B1,train,B1,145,medium
essay_fe483933c89eca58,1596221437,2020-07-31 19:50:37,prompt_79d7b6720d30aa96,user_906f8268414d7254,user_906f8268414d7254_prompt_79d7b6720d30aa96,2,False,True,Hindi,"Hi Matt, It's been long since we had watched any movie together.I know you are a hard working man and engaged in your work. So I was thinking that maybe  I suggest you some good movies so that you can watch movies in your mean time. So I'll go first with my favourite movie that is Inception.It is of Sci-Fi genre.This movie is all about how complex is our mind and how we can use it for retriving someone's memory without their concern.I think you will like it. ","11,13,14,18",B1,B1,train,B1,88,short
essay_00f6b9779fed264b,1591183907,2020-06-03 12:31:47,prompt_49f744b86a7de069,user_f772a3bdcc4381cf,user_f772a3bdcc4381cf_prompt_49f744b86a7de069,2,False,True,Dutch,"dear neighbour, You can find the keys under the doormat. could you put them back after? When watering the plants don't forget the ones upstairs. check in on my goldfish, if there's something wrong call me. you can leave the mail.","93,101",A2+,B1,train,B1,41,short
essay_64780ce22d33e3a5,1621047464,2021-05-15 03:57:44,prompt_e404501e9bbbc094,user_51f1eb9c60a4f386,user_51f1eb9c60a4f386_prompt_e404501e9bbbc094,3,False,True,Japanese,"From my points of view, it is helpful for me to learn Write and Improve for my English skills. As to the Write and Improve service, I recommend you should access the web site as soon as possible. In the web site, you can find that there are courses according to your learning levels, such as beginner, intermediate, advanced, business. You can choose such courses as you would like to learn. A lot of exercises are prepared in each course on line. At present I use the Write and Improve every day. Now I choose intermediate course and try to improve my English writing skills. I think that one of the good points of the Write and Improve is good responsiveness. If you compose the English writing in the course and push the check button, you can find where it is not right. After amending where it is not right, you can submit again. This way, you can learn English writing skills through the Write and Improve. Furthermore, the Write and Imporve is on line lessons so that you can exercise whenever you are available. It is for free to exercise your English writing and speaking on line. If you want to improve your English skills, I recommend you should try it.    ",,C1,B1+,train,B1,212,long
essay_22c3e104f79e815e,1595821354,2020-07-27 04:42:34,prompt_79d7b6720d30aa96,user_a15b258cac354c33,user_a15b258cac354c33_prompt_79d7b6720d30aa96,5,False,True,Vietnamese,"Dear Ann, The 'Love and Desire' is my favourite film. It is an interesting romantic film. The film about a man who given up his arranged engagement to follow his heart beat. He was suffered from the revenge of his ex girlfriend and her family in order to protect his love and his company. If you watch this film you will like it as me. Bye Nguyen    ",,A2+,B1,train,B1,67,short
essay_56c6fbaf03fa9726,1587318758,2020-04-19 18:52:38,prompt_9975b4bd24cfacd8,user_5260e4c2cf47d881,user_5260e4c2cf47d881_prompt_9975b4bd24cfacd8,3,False,True,Thai,"You will not believe that one of the most important holiday I have ever had was the one when my sister got married and I was the bridesmaid.  It was in Thailand and believe or not, there is nothing in the world like this wedding.  For a start, the organisation was well-planned. Every detail was perfectly neat, such as the choice of flowers and meals. I must also mention that there was an orchestra for the reception. The music were chosen by the maid and it was full of emotion, particularly for my parents. Apart from that, the theme of the wedding was about Thailand, therefore every guests were wearing traditional uniform and it was proudful. Personally, I believe that my sister's wedding was one of the best holiday I have ever had because it was full of joy and tears. Unfortunately, I had to get back to Switzerland two days after but I would remember that party forever.",,B2+,B1+,train,B1,159,medium
essay_f7192ad298cfde67,1595328671,2020-07-21 11:51:11,prompt_29081c0eb3c823b4,user_b31307de7d13e824,user_b31307de7d13e824_prompt_29081c0eb3c823b4,5,False,True,Arabic,"Since the world has been created, the  animals were lived in the free areas as jungles or great forests. Our unsaistainble developpent lead us unhappily to an ecological disaster during these tree last decenies. We saw how pollution and immoral modernity were destructed massively all the ecosystemes around the world. the biodiversity was highly and negatively impacted. The animals were eventually among the unliky victims from those huge impacts and some people think doing good, imaginated this tragic and stupid invention : the zoo; The zoos could be the real space for protecting animals but actually they are a real prison for animal. In other words, the zoos changed highly the environment of animals. In my modest opinion, the zoos  reamain a bad solution for protecting animal wherease the real solution is to provide animals free space and giving them protection in order to leave them living as the ever creature of god live: free",,B1+,B1+,train,B1,155,medium
essay_5d44f22502f5c977,1667695005,2022-11-06 00:36:45,prompt_17eab621f9e89332,user_1732bcb3870dc7c4,user_1732bcb3870dc7c4_prompt_17eab621f9e89332,5,False,True,Hindi,"I use a computer daily for 10 - 12 hours. I watch all my college lectures on the computer and also do coding. I have improved my typing speed up to 50 word per minute and I always busy with a computer. Whenever I am free I use to do something with the computer. I love computer because it gives me happiness to do something. As we know that the computer has changed the world.Computer have also helped a lot in the medical field, now we can detect so many disease using ML and AI. So I think computer has revolutionized the whole world.",,A2+,B1+,dev,B1,104,medium
essay_d22e8fffec4b904a,1613475022,2021-02-16 11:30:22,prompt_23ed369963fb84a1,user_c1202d2312d75177,user_c1202d2312d75177_prompt_23ed369963fb84a1,16,False,True,Polish,"I like to sleep in complete darkness. Even the small amount of light can be disturbing. However, my curtains are not the best, and some light slips in through the gaps. To sort this out I have bought an eyemask.  I read a lot about circadian rhythm, and the way it affects our sleep. Since then, I'm not comfortable with light and noise during the night. To deal with noise I bought a pair of ear plugs. Unfortunately, they're not the most comfortable soultion.  I use to spend a lot of time on my smartphone just before bed time. After I learned about the circadian rhythm, I changed my habits completely.",,B1+,B1+,train,B1,111,medium
essay_b4fd6f0cf95147d3,1606564200,2020-11-28 11:50:00,prompt_179938ed5e90b50a,user_6a5d5e5450876707,user_6a5d5e5450876707_prompt_179938ed5e90b50a,2,False,True,Arabic,"school of the future in my opinion, the school in the future school will be so different. In the future you will be able to study from home also you will study What do you like? In my opinion, you will able to study anything for free. Because now if you would like a good education you need to pay a lot of money for that or if you would like a good school you need to travel for this. But of course, you can do this now but it is so expensive in my opinion I believe all of this will be a change for the good. The problem is now if you’re rich you will get a good education but if you a poor you will not take any education, only if you lucky you will take a scholarship  ","140,144,149,153,197,201",B1,B1+,train,B1,141,medium
essay_c8a88e67a121a327,1614309734,2021-02-26 03:22:14,prompt_58852905890136d4,user_b008f18607f92b6a,user_b008f18607f92b6a_prompt_58852905890136d4,7,False,True,Spanish,"Hello everyone.   Here, today, I am thinking about how can the ways be of travelling in future. Well, let's begin:   First, I should mention, I am 34 years old and all my life I have been in Colombia, an underdeveloped country, where all people only take the bus, car, plain, bike, motorcycle and boat. It is dependent on the place where they live and their economic situation.   For example, in Bogota, the capital city of Colombia, the most people take the bus and transmilenio (it is an articulated bus, it works with some special conditions, this permits a faster movement inside city, but it is more expensive).   Other people take cars and motorcycles, and finally there are people take bikes to go to work.   The government says, it is important make other way to travel inside city, the project is to make a line train that crosses all city. This proposal no have good reception in population, because we think is a bad project, where the government is going to spend a lot of money and the city will not be better, otherwise, this brings more social problems as unsafe, dirty, structural problems in the buildings, extra costs, etcetera.   In conclusion, I think about the future of travelling in my city is not going to have other ways of transport, because infrastructure is pretty deficient. ",,C1,B1+,train,B1,225,long
essay_7301d0454b51b7b9,1667073878,2022-10-29 21:04:38,prompt_6c812937c853f95a,user_3ceef154207577d9,user_3ceef154207577d9_prompt_6c812937c853f95a,3,False,True,Spanish,"Hi Alex,  How are you? I hope you are well. I'm writing to you because I want to apologise to you, because I can't go a to party the next Saturday afternoon. I going to have  work travel all weekend. However I want to meet you the next Friday morning. We go to drink a coffee. Do you think? I also think the next weekend we going to go Madrid the all weekend. We are going to can go shopping. I want to buy a coat. Then we are going to visit royal palace. At night we are going to go dance.   I would like to answer to me for booking the hotel and I can meet my friends. Would you like to come with me? Have fun at your party. Send me  pictures by my mobile. Give my love everybody. I hope we have a good time.  Give kisses to everybody for me.  I look forward to hearing from you.",,A2+,B1,train,B1,161,medium
essay_10999cd87300974d,1599067254,2020-09-02 18:20:54,prompt_5be9aa25d9f61171,user_1a1358a9ec37dc4f,user_1a1358a9ec37dc4f_prompt_5be9aa25d9f61171,3,False,True,Spanish,"Musical activities are important to develop imagination and creative skills. Music is an essential part of evryone's life because human beings since the bassinet  hear sound, music or melodies like lullabies or different kinds of sounds. That is the reason why people since kindergarten  begin to learn or to play an instrument, being the reason why schools add music in their schoolars framework.  Nowadays, a lot of schools have in their schedules music classes per week in order to give cultural knowledge, distraction and to develop abilities in students. Besides, students have the opportunity to discover if music is a hidden talent to develop and starting to practise and imporving musical abilities.  I personally consider that music is an essential part of people's life so all students should study music at least once in their life because this activity allows them to find a way for distraction or to find their passion.  To summarize, people who have had music classes in their academic life are able to manage stress better. They also have had the opportunity to discover something new and to take a break from stressful routines or simple the daily lifestyle.  ",,B1+,B2,train,B2,193,medium
essay_aaa9e90b48f4fdd9,1606584118,2020-11-28 17:21:58,prompt_9975b4bd24cfacd8,user_70ff6dcbe3a71254,user_70ff6dcbe3a71254_prompt_9975b4bd24cfacd8,6,False,True,Polish," Almost everyone reminds holiday season as a fun, making new friends and having the time of their lives. I agree with that associations wholeheartedly. When it comes to describe my best holiday ever, one specific trip pops up in my head.  It was two years ago. I was 18 and it was one of my first holiday with my friends. We went to a Bulgaria as a group of 6 friends. Three of them was my best buddies, and there was 2 girls yet. We were having a great time there. We had a hotel within walking distance to the sea, and there was that marvellous Vietnam restaurant on the way. We were making a stop there very often. But not only due to these entertainments it was my best holiday. During that trip, I got into a relationship with my old friend, Marta. That atmosphere of holiday carelessnes surely eased it.  That was my best trip, and holiday as well, ever. I found a love of my life, the one that I'm engage with now. We all have great memories from there.",,C1,B2,train,B2,183,medium
essay_294dedfa5f9db2aa,1612111132,2021-01-31 16:38:52,prompt_a48191f7b89e3523,user_b6d7f4e439d84b06,user_b6d7f4e439d84b06_prompt_a48191f7b89e3523,3,False,True,Italian,"In my opinion television is a good vehicle to educate but it is often bad for that aim. In fact, there are programs that could be very diseducative for young people which could give a bad vision of the world, such as gossip's programs or violent cartoons and series, but also with programs that include a bad language that could influence people that watch it. On the other hand, television has great features that could make it great for education, such as the news, films' channels, sport's channel and so on. But I think that nowadays people are looking to something different from television. For example, people prefer using digital sites and their features to search something that they don't know, learn new languages or discover new things every day. In conclusion, I think that television is a valid educational vehicle but it will be replaced by digitalization soon.",,B2,B2,train,B2,149,medium
essay_595c68f02914be6c,1604219423,2020-11-01 08:30:23,prompt_58b9f5f522c0a1ba,user_bd36300d800b23e1,user_bd36300d800b23e1_prompt_58b9f5f522c0a1ba,6,False,True,Hindi,"English is a global language that used for formal and informal communication. It becomes a worldwide standard for communication because of two reasons. First, it is easy to learn as compared to many languages such as Chinese, Japanese, Korean and Urdu. Second, the number of native English speakers in the total world population is about twenty percent.. Therefore we need to learn it and master it. There are a lot of quality courses available which are free of cost for English learners. One of them is the Oxford English speaking course. The main reason I am learning English is to become successful in my life. In my past, I had encountered the many discrimination because of a poor understanding of English. That gave me a reason to persuade learning English.  Now I have been improving my English because of my hard practice.",,B2+,B2,train,B2,142,medium
essay_d04ed51bb61b7d17,1594907565,2020-07-16 14:52:45,prompt_5be9aa25d9f61171,user_6ce7e27a05893051,user_6ce7e27a05893051_prompt_5be9aa25d9f61171,4,False,True,Italian,"When I was a child at school, during the music class, we learnt songs to sing at the end-year concert. It was fun, because our teachers taught us new words and ballets. When we grew up, sometimes we happened to sing musical songs, with solo parts: there were auditions to assign roles. Once I won and I became the protagonist: I was the happiest child in the world. When I was a girl, at the secondary school, during the music class we listened to classical music, as Mozart, Beethoven, Bach or Puccini, and we studied the history of the operas, as the Aida, the Traviata or the Turandot. We also studied how to play melodies with the flauto, as 'jingle balls' or 'alleluia alleluia'. Oltough studying music was funny when I was a child, when I grew up it became a complete waste of time. My teacher didn't take his job seriously and most of the time we wasted lessons talking about other things or studying other subjects. The hours used to study music can be useful when children are still little, because they need to have fun and to understand which are their interests. When children grow up, time should be spent in better ways. For example in schools could be introduced again the study of our Costituzione, whose articles should be known by every Italian citizen, or civic education, whose knowledge is really missing, because people have lost their good common sense. Moreover, it could be developed geography taughts, because people, especially the young ones, ignore what they are surraunded about. They don't know neither that Rome is our capital, nor that Pisa has the Leaning Tower, nor that Po, Arno and Tevere are our biggest rivers.",,C1+,B2+,train,B2,289,long
essay_60b23724db699684,1630377812,2021-08-31 03:43:32,prompt_e0d347fb2afea90b,user_69a5d4d674e2bacc,user_69a5d4d674e2bacc_prompt_e0d347fb2afea90b,4,False,True,Vietnamese,"Both of choices have their own advantages and disadvantages. My rule of making a decision between two things is listed the benefits and drawbacks. See which one has the most advantages so I'll choose it First, I will talk about the benefits of moving away and living their own lives while they are university students. The period of ages being a college students are between 15-18. At that time, their brains have developed and is aware of what is right and wrong, knowing what to do and not to. In that moment, they're mature enough to replace their parents. If they still live with them, their lovely dads, mom will be their sources of corruption.  Secondly, I'll talk about the advantages of students who live with their family. If they move away ftomtheir family so early therefore they don't have many experiences to the current of life where exists the intense contention. They will be safer if they live with their parents. Their mothers, fathers who gained lots of experiences, overcome many rivalries. They will share to the students and guide them to the right paths.  Thirdly, the disaventages of living without family. I bet that, you will feel lonely, unhappy because you got used to live with them. After that, you don't know where to start, you begin to be lost. Everything happens so suddenly that you can't handle it. It'll be better if you already got your plan and carefully solve all kinds of problem through asking your parents's experiences. Fourthly, the drawbacks of living with moms and dads. Parents always want their kids to be safe and do everything for them just because they don't want to see their darlings tired. But they don't know that's cost the corruption of the children. They'll be lazy and arrogant. One day, this society will teach them with insults, fired.  Eventually, my choice is to move away form your family and set up your own life. It will be very hard also difficult at first but then after each failures, I can learn different lessons, so the next time I won't be like that anymore. The feeling of moving far away from your lovely members are full of sadness, lonely. But you must over come it. They can't live with you until the end of your lives. You'll have this feeling soon, so why not now, therefore when it truly occurs that's terrible and you can over come it easily.  When your parents are young, they are the same as you so why they could do it and you can't?","72,78",C2+,B2,train,B2,430,long
essay_0234f913dc6e5c20,1588867166,2020-05-07 16:59:26,prompt_e4c497f7613dcf8a,user_db50bc66eceaafe4,user_db50bc66eceaafe4_prompt_e4c497f7613dcf8a,2,False,True,Spanish,"A NEW SCHOOL YEAR  Introduction   The purpose of this report is to think and plan my new school year regarding things that I already achieved, subjects that I can improve and establish new goals to achieve during the year.  My convenient areas of study  Since I was really small, I'm good at mathematics, English and Geography. I have always been keen on that subjects so my plan for these year is to maintain that level, although it will be a little bit more complicated than last year.  Improving subjects  On the other hand, I'm used to struggle in areas like Spanish language, physics or arts, so during this course I'll try to give more attention to that things in order to get better marks so the next year won't be that difficult.  Motivation and effort   Finally, encouragement and endeavour, these are going to be the keys for me this year . Working really hard during the school time and relaxing on holidays are my plans so that I can achieve all my aims. Moreover, beeng organised and constant are indispensable too.  Conclusion  If you really work hard you can get whatever you want, all you need is willpower. At the end, you will be proud of what you have achieved, so I'm feeling really confident and elated to start this new year.",,C1,B2,train,B2,222,long
essay_3ff4aff01af96ca1,1609841296,2021-01-05 10:08:16,prompt_e404501e9bbbc094,user_e3bd47077b550d33,user_e3bd47077b550d33_prompt_e404501e9bbbc094,15,False,True,Vietnamese,"I'm in the process of creating a blog in English language to satisfy my passion for writing. After taking a look on Write and Improve, I jumped up the chance to train and get my English writing to a new level.  I was a bit confused at the beginning when I realised that instead of providing me with any basic guidelines for how to write a correct sentense or perfect pharagraph, I had to cope with some lists of tasks which allow me to choose an appropriate level to start with. Well, I think this is the place you can totally improve your English yourself by writing and writing again. Our mission is to keep exercising every single day, and they will check your spellings, show the incorrect words and track your progress. It sounds great, right?  No matter how I discuss in each task they require, they don't score my presentation based on persuadable sentences, so I'm free to let things out from my comprehension.  There are something in first step which just wanted to stop your try, and you need to fight with it. When I had finished about six tasks, they frustrated me of the result on the board showed my levels going down, it made me feel that the more I wrote, the more disappointments I got. Bearing in mind this must've been first challenge, I put it back to my mind and headed fowards to other tasks. And step by step, I could finally appreciate my effort when I figure out my English writing has been going so farther than I had expected - less incorrect spellings, less shilly sentences and in less time.   The program will help improve your English writing skill just like it's done for me. But don't forget that you should need a lot of patience which helps you go faster.",,C2+,B2+,train,B2,310,long
essay_18bc5eb7152fd9b9,1607932369,2020-12-14 07:52:49,prompt_e0d347fb2afea90b,user_c6a30c6c667ceb7a,user_c6a30c6c667ceb7a_prompt_e0d347fb2afea90b,3,False,True,Thai,"University students are considered to be adults. They can be in charge of their own lives nearly like adults, however, their main goal is a full-time study, not yet a full-time job. Choosing places to live during their studies is one of a crucial decision for them to make.  For students who choose to stay at home. One of the reasons can be finances. Stay at home can save a lot of money on accommodation, food, bills etc. Moreover, it can also guarantee the safety of students and put their parents' worry at ease when they know that their children are in the safe place and in their most comfort.   On the other hand, students who choose to stay on their own during their studies at the university, can be more confident and be able to handle any obstacles that might be thrown at them during this time, money shortage, juggling study and part-time job, take care of their own basic needs such as food and clean clothes, to mame a few.  In conclusion, stay on my own while study at the university is the choice I would prefer. Because being on your own can teach you to be strong, ready for good and bad situation in the future once you enter a work cycle.   ",,C1,B2+,train,B2,215,long
essay_dadc9575e6dcaaf9,1602053137,2020-10-07 07:45:37,prompt_7fb0941f7b739572,user_1b1c1f09e3afc271,user_1b1c1f09e3afc271_prompt_7fb0941f7b739572,3,False,True,Arabic,"I grow up in a society that was not used to birthday parties where I did not know those parties until at the university stage, so the birthday party is a new culture in our society.  The new generation, specifically, those born in the year 2000, began to hold birthday parties, as well as with wedding anniversaries or graduation ceremonies, and then it spread widely. As for me, I do not care much about these parties and memories in terms of exaggerating the celebration, holding luxurious banquets and inviting so many guests that I sometimes forget the date of my birth and my wife comes to remind me of it  ",,B1+,B2,dev,B2,110,medium
essay_daa58b281da3c191,1621362566,2021-05-18 19:29:26,prompt_13020c2a757e39d5,user_3c5b248d6cc62ba8,user_3c5b248d6cc62ba8_prompt_13020c2a757e39d5,3,False,True,Turkish,"In general, people think that it is more important to be healthy than to be rich. There is a classical example about the importance of taking care of your health 'noone can buy a healthy body with their money'.  Firstly, I can say that your health is more important than being rich. Therefore, we should be aware how critical our health is. If you have a healthy body, you can live without any pain in your daily life. Besides these, to be healthy is also important for a longer life.   In addition to this, being healthy is not free and this can be very expensive sometimes. Therefore, sometimes we need to pay a lot of money for our health and being rich is important in that part. If you are rich, you can live an easy life, however, you cannot choose your diseases and your pain levels of your health problems.  Finally, I can say that being healthy is the important thing in our life since we are living in our bodies and we should be careful about them.",,B2+,B2,train,B2,179,medium
essay_3754b35602110fc9,1596537330,2020-08-04 11:35:30,prompt_9564cdfd1ab47024,user_bd03a25a5da106fb,user_bd03a25a5da106fb_prompt_9564cdfd1ab47024,2,False,True,French,"These last years and especially this year with the Coronavirus pandemic, we saw the following problem : A majority of medical doctors want to work in cities where they will make a lot of money while there are not enough doctors in many rural areas.  Thus one wonders what are the reasons for this problem ?   Firstly, a majority of medical doctors want to work in cities because they have their friends near them and they can do a lot of activities. In brief, the major advantage is human contact.   Secondly, the wages are more attractive in cities than in rural areas.   So now we have identified the reasons for this problem, what could we do ?   Firstly, we could increase the salary for medical doctors who accept to work in rural areas.   We could also regroup all medical doctors who work in rural areas on the same competitiveness hub. ","6,10,11,16",B2,B2,train,B2,150,medium
essay_44c23d75cd38a105,1610879836,2021-01-17 10:37:16,prompt_82f61f70f00cce70,user_71ee19c1ac6f7ca0,user_71ee19c1ac6f7ca0_prompt_82f61f70f00cce70,6,False,True,Vietnamese,"Should computers and tablets completely replace books in schools and universities? When there are more and more computers, tablets,  some people asked themselves something like that. To my way of thinking, computers and tablets should completely replace books in schools and universities.  Firstly, computers and tablets are much better than books because they can hold a million time more information than a 400-800 pages book. If you want to find something, it will take you 15, 20 even 30 minutes to get infomations from books. But with a computer or a tablet, it would take less than 5 minutes to get them. Secondly, computers and tablets hold much more types of data than a book. If you are carrying a computer or a tablet, that also means you are carrying a thousand books. Finally, they are more convenient. An e-book costs much cheaper than a traditional book. The information in a digital form can be edited, shared easily. This makes  them overall convenient for students who might not be able to afford one copy of a book each. In a nutshell, computers and tablets are much more convenient than tradtional books. They should completely replace books in schools and universities. ",,B2+,B2,train,B2,200,long
essay_d39e03646ecb43d7,1642622401,2022-01-19 20:00:01,prompt_305b51299790d8a8,user_6e8b3b7e55567227,user_6e8b3b7e55567227_prompt_305b51299790d8a8,10,False,True,Portuguese,"My favourite season of the year could not be other than winter. When the weather is cold, I feel better, and I will tell why.  When the weather is warm, I fell annoyed. In the summer, my body feels uncomfortable. I can't have good food, I need to drink much, much water... when the weather is hot, I cannot sleep very well, and making sports is a great sacrifice.  So, I always welcome the winter. Lower temperatures make me smile. When the winter comes, I sleep very well. I can eat several delicious things, I do not feel thirsty, and making sports outside is amazing.   While in the summer I have difficulties to wear some clothes, in the winter I can easily use several of them. So, I have all the motives in the world to love the winter.  During the winter, it is possible to travel to those places where the snow fall down. Paisages become wonderful! When the winter arrives, and one is close to the loved person, there is a sensation of love in the air. In the winter, to stay by the side of the loved person is simply amazing...  I only appreciate the summer if I can walk along the beach. So, if the place where I live don't have beaches, I prefer winter, whatever be the occasion.",,B2+,B2,train,B2,223,long
essay_ee4e1d3df2feee78,1645184789,2022-02-18 11:46:29,prompt_e0d347fb2afea90b,user_39f16c41d49d186a,user_39f16c41d49d186a_prompt_e0d347fb2afea90b,14,False,True,Spanish,"Nowadays, it is undeniable that talking about university is difficult, since the crucial decision that students must take. They become adults and, as a result, independent people. I met some people who, despite distance, are studying in crowded Spanish places, like Madrid or Barcelona.As a consequence, learners have to live alone or in students communities, where they share a room to pay less money. I agree that live without parents is going to prepare youth for the future life, and it is perfect if you want to get married or if you want to have children, but it is true that you must have on your wallet a considerable amount of money. Moreover, the student must be a mature person, therefore he has other responsibilities besides get an exceptional degree and join a job. Looking at the other option, although it is great to have a bed, food and water completely free, and you don't miss you family,I think independence is a crucial part of people's life, so  the more you leave home, earlier you get independence and responsibilities. Anyway, I would choose the first option because, in spite of money amount, you can always get a temporal job to earn money.",,C1,B2,train,B2,202,long
essay_9656ef0ef41eabdf,1612299354,2021-02-02 20:55:54,prompt_13020c2a757e39d5,user_b6d7f4e439d84b06,user_b6d7f4e439d84b06_prompt_13020c2a757e39d5,3,False,True,Italian,"In my opinion, this is a paradoxical statement. In general, I think that health is surely the most important thing in people's lives because without it we wouldn't be able to do anything. On the other hand, in countries like the USA, the sanity is not free, and poor people could be discirminated from sanity treatment. It is also true that middle class' people can live healthily without a huge richness, but it's also true that there are rare illness that require specific operations and treatment, and they could be too expensive for them. Otherwise, I think that everyone should have access to every sanitary treatment, but it is actually a utopian idea due to the economics problems that are involving the world. For this reason, I think that the two things are truly connected much more than people expect, because without health wealth couldn't exist, but without richness, nowadays, health is not guaranteed for everyone.",,B2+,B2+,train,B2,156,medium
essay_11d8d791d0a31fcc,1631053447,2021-09-07 23:24:07,prompt_39db840b1dee1ac1,user_e0a99e9e0b3a37d5,user_e0a99e9e0b3a37d5_prompt_39db840b1dee1ac1,6,False,True,Japanese,"In my opinion, it is more comfortable for office workers to spend their time into enclosed space. First of all, because in an enclosed space, it is easier to consent on their desk work. Companies need to achieve their missions and earn money in order to pay their employer. For this reason, it is necessary for companies to provide their staff with comfortable work place. Some people think it is not good to communicate with other members if employer stay in their compartment desk. But I can override this point, because there are many opportunities to share idea by using mail or business meeting. Staff can communicate by using these tools or they can plan meeting. I think that is more effective for people who does not have enough time. Sometimes some people spend invalid time with chatting other members in open space. Moreover they can consider their ideas and present them to prepare staff meeting beforehand. All of these reasons I think it is more effective to provide enclosed space with employers.",,B1+,B2+,train,B2,173,medium
essay_27caa3314a206871,1634497155,2021-10-17 19:59:15,prompt_d3e35405e2378ac9,user_f096a6b27c93ad99,user_f096a6b27c93ad99_prompt_d3e35405e2378ac9,4,False,True,Arabic,"Last week I went to the biggest event in the middle east, it is a concert event held in my country. people from all around the world had come. It was crazy. I was excited about only one artist it's DJ Alan Walker. his stage was dope and he makes us go crazy and jumped up and down. he was covering his face as usual and a lot of the audience dressed like him. I got the chance to meet him backstage and he signed my poster and I took a picture with him. It was an amazing experience and I  really wished that you were here. ",,B1,B2,train,B2,107,medium
essay_76b10a50c9c3d113,1585852335,2020-04-02 19:32:15,prompt_29081c0eb3c823b4,user_db50bc66eceaafe4,user_db50bc66eceaafe4_prompt_29081c0eb3c823b4,3,False,True,Spanish,"Nowadays in almost all cities around the world we can find a zoo, but in my opinion, these are places where most of animals suffer and we should close most of them.  Firstly, people think that zoos are places where kids will have a very enjoyable time because they can see exotic animals, but they do not think about how stressed and scared this will make them feel.  On the other hand,  the fact of beeng able to see such as wonderful animals so close to us, is an awesome experience, because you can realise how astonishing the nature is.   A further point is that animals in zoos are locked in usually not very ample spaces, and these animals, as wild animals, must be free in their own habitat. Moreover, they do not receive the best feed and that is why most of them die.  In conclusion, from my point of view, I believe that zoos must be closed because although we can see a lot of incredible animal species, while we enjoy it, they suffer and we should let them live free.","801,806,807,809",B2,B2,train,B2,183,medium
essay_02e3cd208c52eda7,1604735241,2020-11-07 07:47:21,prompt_e4c497f7613dcf8a,user_8527a0a64d4d23fd,user_8527a0a64d4d23fd_prompt_e4c497f7613dcf8a,6,False,True,Thai,"I want the school improve library because all students use this place every day. The library should have enough private tables for students and provide meeting rooms for group learners. The librarians have to organise meeting rooms by online booking. This method is a very easy and convenience for every student. For the learning area, I am pleased with the comfortable environment like worm and cozy room. The school should renovate some rooms by repainting, or changing furniture. Science equipment in chemistry and physics laboratories should be changed. Student will improve their skills and knownledge when they do a lot of science experiments in a good laboratory. This year is my last year in school so I want to do a project about bio-compost. Every day there are many waste product from canteen. If I can change this waste to be compost manure for farmer, it can reduce littering from the school. Moreover, this is the good lesson for students that they have learnt to protect the environment. I can achieve my goal if the school and teachers support my group by giving budget and equipment. I hope that the school will accompish my demand in this new school year.  ",,B2,B2,train,B2,200,long
essay_2755f8782eacdcb3,1644935371,2022-02-15 14:29:31,prompt_e0d347fb2afea90b,user_6051734b2927564c,user_6051734b2927564c_prompt_e0d347fb2afea90b,5,False,True,Japanese,"Which is better university students' moving away and living on their own while they are attending school, or living at home with their family while they are students? I think it is up to the personalities and the condition of their family. Each of them has different merits and demerits. Therefore, there is no absolutely correct answer. The independence of a university student from his/her family may lead to growth in his/her personality. This experience helps him/her to live after graduation. However, it costs many financial burdens for them and their family. Some need to help of their family, and it may make it them to be difficult to study at university. If the students can't afford to live alone, they perhaps should live at home with their families. The less concern they have, the more they can live freely. It may lead to their growth. For the reasons stated above, I can't choose which is better, but I think they should select what they think is better so that they can study well.","0,5",B2,C1,train,C1,174,medium
essay_baf709494c79ae14,1596717574,2020-08-06 13:39:34,prompt_e404501e9bbbc094,user_7bc3f07952629f7c,user_7bc3f07952629f7c_prompt_e404501e9bbbc094,7,False,True,Thai,"I have been learning English for more than 20 years but I have never seen any website for learning English writing which has a feature as good as 'Write and Improve' before. With this website, you can practise writing anywhere if you have a mobile phone or a tablet. There are a ton of assay topics divided into 3 different levels which students can study by themselves. After finishing writing, assays would be checked to find any error by the AI, therefore, they would be evaluated and are given feedback in only a few seconds. If the students have corrected their writing, the graph will show the improvement compared with the previous one. However, there are some problems I found while I was using this website. First, the fonts are too small and the background colour is too bright. Second, I would suggest that the feedback should be more specific to each writing errors because it is hard to find what the writers do wrong by themselves without direct hints. After all, I would like to recommend this website to you, readers. You cannot find any other websites which give you the great opportunity to improve your English without any fee. I believe that this website will gradually be better and become a promising way to learn writing.",,C1,C1+,train,C1,218,long
essay_c4d41d331f039adc,1621695919,2021-05-22 16:05:19,prompt_9564cdfd1ab47024,user_7fd1af8f23665afd,user_7fd1af8f23665afd_prompt_9564cdfd1ab47024,2,False,True,Czech,"There is a heated debate for many years on the availability of medical care in rural areas. Many doctors left these areas to provide medical in big cities. What is more, those who were old had retired. If this trend continues, the situation will not be sustainable.  Furthermore, it might soon result in a phase that rural areas lost the ability to provide medical care to the same extent it was before. To solve that problem, we have to deal with arguments that cause this lack of medical care. Let us unpack some of them. Lack of financial sources is one of them. A regular income provided to doctors in rural areas is not so efficient to cover all services linked to providing medical care. Secondly, another reason is the attractiveness of the location where we want to invest in medical care. Lack of infrastructure, for example. The infrastructure and transportation system is playing an important role. If we take it seriously and tackle that problem successfully, we have to provide a proper background. ",,C1+,C1,dev,C1,174,medium
essay_7d77f24171744c02,1628003828,2021-08-03 16:17:08,prompt_58b9f5f522c0a1ba,user_4460432564a0e1bf,user_4460432564a0e1bf_prompt_58b9f5f522c0a1ba,7,False,True,Italian,"English is now the second language of many people living in Europe, America and Asia. Governments pushed the learning of the English language several decades ago and it is now referred to as a 'lingua franca'. It means that it is commonly used as a means of communication by people of different native languages. Learning English has become important because the business and travel sectors started to support and promote it and without its knowledge, you are now left out. From a business point of view, English is used in everyday life to communicate with clients, prospective clients, give support, advertise and even communicate with colleagues within the company in large corporations. Today English is a highly sought after skill and has become the minimum requirement in many job applications. Analyzing the traveling side, English has become the 'Swiss Army Knife' because it can be used to travel across countries with different native languages ​​without the problem of the language barrier. English can be used to ask for information, ask for help or just order food and someone on the other side can understand you. English has made our life easier.",,C1+,C1+,train,C1,191,medium
essay_ac38cfabef411421,1631763459,2021-09-16 04:37:39,prompt_6748f85e7e8f36b6,user_345abe13c6d59475,user_345abe13c6d59475_prompt_6748f85e7e8f36b6,2,False,True,Arabic,"Studying abroad is a beneficial opporutnity to any student, and it is an experience that should be had at least once in a lifetime. And like any experience in the world it has advantages and disadvantages too; the  most important advantage will be seeing other cultures, and interact with it; this interaction might be helpful, especially for people who are coming from poor countries, because it helps them see another world and other people; which may be a motivation for him to help his country more. The other advantage will be the travel itself. Travelling makes us see other people, other cultures and other heritage. It is always great to see yourself than hearing about anyone. But there are always disadvantages too, first of all it may hard for some students to travel and be in another country with other people, this change in the environment may cause a negative effect on some students, especially the introverts. Not everyone can handle this kind of change. As I said earlier, studying abroad is a great experience should be had at least once in a lifetime, it may be one of the most beneficial expeirences the one can have in his life.",,B2+,C1,train,C1,200,long
essay_b4a7dc65be054023,1623762712,2021-06-15 14:11:52,prompt_2865cfff040b541d,user_1e3ae2b2d7fae6ef,user_1e3ae2b2d7fae6ef_prompt_2865cfff040b541d,4,False,True,Japanese,"Dear Sir or Madam  I am writing this letter in response to the ban the use of mobile phones in public places which the town council is considering. As far as I considered, it must not be implemented but some rules or law should be necessary.  It is common knowledge that mobile devices are an essential component of people's lives in this modern world and they use it almost everywhere. It is indisputable that some of them use those devices with a lack of morality and they sometimes show disrespectful behaviour. One of major issues is noise, which is caused by people who talk on the phone loudly on the bus or train, and other passengers are bothered and frustrated.  Although this kind of drawbacks are paramount and should be addressed, I believe that using gadgets in public spaces has some advantages. For instance, people can do their work, check up their children, read emails and study, which can people's daily lives better and productive. For this reason, in my opinion, texting, reading and other fanctions that do not make any sounds should be allowed, in other situations, such as in a public library, shops and restaurants should also be considered.  In conclusion, I object to the total ban of using mobile phones in public places. However, it would be acceptable to control the use of them with some restrictions in order to maintain public morals.  Yours faithfully,  A citizen     ",,C2,C1,train,C1,240,long
essay_d7b1c33fd1e828f4,1616691805,2021-03-25 17:03:25,prompt_1a893b704d9d98d4,user_63f60044ebdcac7d,user_63f60044ebdcac7d_prompt_1a893b704d9d98d4,3,False,True,Spanish,"It is often said that it is important to always tell the truth, but it is ever acceptable to tell a lie? Firstly, I want to state that I agree with this phrase. As I see it, if you want to be someone who can be trusted by other people and have their confidence you have to be honest with them and no matter what tell the truth. Besides, if you are someone who normally tell lies, then you have a big chance to forget the lies you had told and therefore people will notice it and as a consequence you will lose your credibility. Although there are some cases which you can be allowed to tell a lie in order to relieve others' pain. For instance, imagine that your dog is sick and sadly he dies, so now you have to explain it to your children. Don't you think that instead of explaining them that your dog has died you could tell them that your dog has found his mother and he has gone to live with her? In conclusion, I'm one of those who tries to be honest and always tell the truth, owing to the fact that at the end you know what is real and what not and for this reason I believe that there is no point in telling lies to other people.",,C1,C1,train,C1,228,long
essay_cb2fb327f9799eac,1597229054,2020-08-12 11:44:14,prompt_e404501e9bbbc094,user_7f277c885f63ec92,user_7f277c885f63ec92_prompt_e404501e9bbbc094,22,False,True,Spanish,"WRITE AND IMPROVE: A MARVELOUS TOOL  When it comes to resources and tools for learning languages, it is often said that it is hard to find the right ones to reach the aim you have point to. But, I have to admit that I was greatly surprised by the one called 'Write and improve' from the very moment that I started to use it.   No matter if you have a good level or not, this tool already mentioned, gives you the opportunity to test your brain, correct your mistakes, and, what is more, it shows you your erros at once. That makes it enormously useful, since one can have a result in a matter of seconds.   Another utility worth mentioning is the clasification it makes of your mistakes, by using different colours to separate important mistakes from the ones which are not.   Therefore, this innovative tool cannot be described other way but useful. And, speaking from my personal experience, once you start using it, your motivation rises, especially if you are rewarded with a good mark.   I would like to end up by recomending the use of this tool to everyone who is concerned about writing in English. I would not be exaggerating if I say that you will find the benefit of using 'Write and improve' from the very beginning. ",,C1+,C1,train,C1,221,long
essay_16a96bbb281cd095,1658395961,2022-07-21 10:32:41,prompt_2865cfff040b541d,user_64471b2cc7fe1df7,user_64471b2cc7fe1df7_prompt_2865cfff040b541d,2,False,True,Portuguese,"Hello,       I heard about a plan to ban mobile phones on public transport and in shops and restaurants, who has this idea? I ask because there is no possibility what people will not use their mobile phones in these places. What was the person proposing this thinking?    Today we use our smartphone to do many things, some people pay for public transport with an app, use virtual reality to try on clothes and use their cameras to access restaurant menus through QR codes displayed on the tables. there are no laws that will restrict the use of smartphones anywhere, there is only one place where people don't use their smartphones, I'm talking about high secure areas where these devices are restricted by law.      If the intent of this plan is to reduce mobile phones use to improve people's quality of life, banning it is not the right answer. We need teach people about the health problems that using their smarphones for loung hours cause on their health, we can establish rules of social behavior for some places, not to force people do what we want, but to achieve our goals by doing with people choosing themselves correct behavior in those places.      We just have to make suggestions to create the right culture, people's habits will change naturally to suit the local culture. This is the right way to influence them to do what we want.",,C1,C1,dev,C1,235,long
essay_00b6a8ca98ac69d2,1646110093,2022-03-01 04:48:13,prompt_6cb0c85d60a4ef2e,user_fb0a3d767ebb7e65,user_fb0a3d767ebb7e65_prompt_6cb0c85d60a4ef2e,2,False,True,Burmese,"It is undeniably true that the majority of adolescents are staying in a fast-paced life these days. The most competitive environment leads them to less extra time to do physical activities for their healthy lives. Some people are convinced that teenagers need to put aside some time for leisure activities and do exercises at least 3 times per week. In this essay, I am going to explain why I agree with that statement by giving some suitable reasons and proper examples.   To start with that, it is one of the excellent ideas to maintain young people's health and physical outlook to be good and healthy. To be more specific, nowadays, people, especially young children, are dealing with stresses and tiredness in their daily lives due to their work, school and social barriers. In that case, keeping time free for doing sports and physical exercises can help them to get run away from their daily stresses and tiredness, and enjoy the taste of freedom for a while. It can, moreover, recharge and refreshes the energy for the next few days.   Encouraging teens to carry out sports and exercises can also bring numerous amount of advantages not only for their health but also for their performance in school or university. To illustrate that, doing the proper amount of exercises can measure a good circulation of blood in the body, which makes students be able to be more active and focused while they are doing their school assignments. Then, doing some sports; football and basketball, enhance students' teamwork and critical skills, which are vital personal skills that students are going to need when they enter the workplace later.   To summarize, it is crucial for teenagers to make some time free to do some physical activities and sports in order to avoid depression and failure in their lives. Then, doing exercise is the best way to break away from the children's inactive lifestyles or run away from the screen. ","1311,1313",C2+,C1,train,C1,325,long
essay_6e6e096111a2fdf9,1623867463,2021-06-16 19:17:43,prompt_6cb0c85d60a4ef2e,user_6bb7c6574e6bac39,user_6bb7c6574e6bac39_prompt_6cb0c85d60a4ef2e,14,False,True,Polish,"As we all know nowadays it's not common for people to do sports activities. It's terrifying that not many people are living healthy. It's way more common to lead an inactive lifestyle. It's obviously unhealthy. Some people say that children should be forced to do sports activities at least 3 times per week during their university and school terms. I believe that this approach is correct. But, it's not perfect either. Wanna know why? Let's begin! First of all, doing sports is healthy. I'm not talking about a sport career or something, which obviously less healthy (maybe even less healthier than not doing sports at all), but running few times a week or even every day is without any doubts beneficial for our body and mental health. It's also important for our well-being. I understand that not everyone is talented, muscular or has good genetics. You have to accept that doing sports activities in general is necessary and it brings many benefits to us. As long as you have the motivation to change your life you should do sports. Of course, there're some downsides of this idea too. I think that forcing everyone is just simply not good. There're people who are really talented and are taking sports activities seriously. We shouldn't force them to attend those classes. It's pointless. That's a huge waste of time. As we all know time is extremely valuable! We cannot buy it. Further going, at some age you realise that you won't live for ever. You discover that it's important to be healthy and do healthy things. It's not good to force students which are mature enough to understand it. They have a lot of stuff going on in their lives and I believe that they don't need anyone to tell them that. Ending our essay, I just want to summarise all the things I have mentioned above. I believe that this idea is great and necessary. It's very important to do sports activities, but we shouldn't force everyone to do them.  ","396,398",C2+,C1,train,C1,338,long
essay_376cc602e8133865,1596634939,2020-08-05 14:42:19,prompt_e404501e9bbbc094,user_6ce7e27a05893051,user_6ce7e27a05893051_prompt_e404501e9bbbc094,8,False,True,Italian,"Recently, surfing the Internet, I discovered Write and Improve, which is an online platform to improve English writing. Write and Improve is a very useful tool, because it offers the possibility to practise English for free. It is very inclusive because every English learner can use it, regardless of their level. There are exercises both for those who are beginning and for those who already speak Enlgish pretty well. In this way, everyone can follow a personal path and choose their own goals to achieve. Infacts, there are areas with exercises to get several English Certifications, such as IELTS Academics or B2 First. Write and Improve is so useful because writings can be checked in real time by the algorithm where it is based on. Mistakens, both lexical and spelling, are individuated in real time so that the student can correct them immediately. Moreover, yellow highlights incorrect sentences, by using two different shades: the lighter one is for those sentences which have a few mistakes in their construptions, the darker one is for those sentences which are completely wrong. This part is probably the only one of Write and Improve which should really be improved: it would be very helpful if, after higlighting an incorrect sencence, it suggested a way to make it better and more fluid. Despite this little difect, Write and Improve is an optime tool to improve English and I strongly reconmend to use it to every English learner, from the beginners to the advanced ones.",,C1,C1,train,C1,249,long
essay_91e9e70c363b58c9,1617112711,2021-03-30 14:58:31,prompt_39db840b1dee1ac1,user_0a5aede93629007c,user_0a5aede93629007c_prompt_39db840b1dee1ac1,2,False,True,German,"I myself have never worked in cubicles or in offices where are no walls separating employees. I only know traditional enclosed workstations.  Employees from one department sit together in these separated offices. From my experience the exchange between the employees is really good. They can share each other all experiences, knowledge and impressions during their work day. That works really good.  One disadvantage is that it is difficult to meet people from other departments, except they have to work together because of a work topic. They knowledge exchange between the departments is really difficult. The risk here is that every department try to push their goals even if it causes harm to another department. This is called Silo thinking. One departments tries to improve itself at the expense of another department. That would not be good for the whole company.  Therefore I like the idea with offices in which there are no walls, it seems to have a lot advantages. As always in the practice you have to be careful and to consider the company, corporate culture, region and people. It would make sense to involve the work council and the employees by planning such offices. In order to get the best results for the employees, company and the working atmosphere. ","59,62,194,203,1251,1258",C1,C1,train,C1,211,long
essay_cfdbcdbdf6fe0fd5,1644699597,2022-02-12 20:59:57,prompt_6cb0c85d60a4ef2e,user_fdd205ce0279fb88,user_fdd205ce0279fb88_prompt_6cb0c85d60a4ef2e,2,False,True,Chinese,"Before answering this question, we have to look at the reason why university students and schoolchildren stop doing sports. There are two main reasons, either don't have time for sports or too lazy. However, the difference in conditions of countries can be an influencing factor too because children have different school times in different countries.  In some countries like China, Chinese students have no time and energy for sports. They live under huge learning pressure that most of their time has been taken by learning time and homework time. According to analyses, the average sleeping time for Chinese students is 6 hours, which means they won't be able to have any free time for sports; if the government insists on asking school children to do sports at least 3 times per week, which will bring nothing but pain and stress to students.  But school children in the western world have plenty of free time after school. At this point, I would suggest the government set up some PE lessons, so kids can do sports at school.  I personally think that all university students should at least do some sports 1 or 2 times per week. Because they are already adults, which mean they could manage the time between study and workout. And In the adult world, I believe that a muscular body can boost your sex appeal and makes you look more attractive, regardless of gender.  Nevertheless, although Doing sports can not only build a prettier body figure but also can lead people to a healthy life. But it doesn't mean students should be forced to do something; doing sports should be spontaneous. Because if the government force students to do sports, then they probably won't enjoy it, on the contrary, they might start hatting it.   In conclusion, although the idea of asking students to do sports is brilliant, but it can't be forced.  ","550,559,1408,1411,1683,1685,1686,1689,1690,1698,1717,1724",C1+,C1,train,C1,314,long
essay_298332cd1019af59,1611479291,2021-01-24 09:08:11,prompt_30d627bea13ce859,user_680ab70611f71609,user_680ab70611f71609_prompt_30d627bea13ce859,2,False,True,Chinese,"Ever since humanity was born and landed on this planet, this question had always been asked yet nobody can give a definite answer. It is like the mystery of the black hole you couldn't know it unless you enter it, but you couldn't say it once you enter it. The question is nonetheless the famous question of  which is better a long, calm life until 100 years old or a shorter life but much more intense. I couldn't say that my answer will be the right answer but I would prefer living a long calm life, because if you are surrounded with things and people you love there is no need for intense thing to happen. This is because having them beside you will be the most satisfactory feeling you will experience. However, I see why some people will prefer having a short yet intense life because they feel that life is not calculated by how long you lived but by what you experienced. I agree with that but life is something very strange. You will never have a formula to calculate how well is one's life to some the same experience might have a different mark. So, in my opinion I prefer having a long yet calm life rather than a short but intense life. However, I respect everyone's opinion. Peace and love.",,B2,C1,train,C1,224,long
essay_1419aff46474efc8,1596711643,2020-08-06 12:00:43,prompt_6cb0c85d60a4ef2e,user_7d187a968e4fbbb8,user_7d187a968e4fbbb8_prompt_6cb0c85d60a4ef2e,4,False,True,Romanian,"The first aspect to point out is all around the world, people are spending more and more time doing sedentary activities. During their leisure time, people like to sit on sofas, watching TV, playing games or just socializing with others. The problem is that many children take their parents example and that can give them diseases. One solution for this problem is to convince kids to do sports activities.   To begin with,  an extremely important place where you understand aspects about life and gain knowledge to help in materializing your future is school. But school should provide more physical activities for kids to take part in. For instance, children spend on average six hours in school every day while students can stay at school for eight hours. That is  a lot of time just to sit on a chair and listen to someone. Children are getting bored as the time pass and they do not pay attention anymore at what the teacher is saying.  Secondly, sports activities not only are good to increase attention, but also they reduce high cholesterol, high blood pressure, obesity and feelings of depression and anxiety. For example, one of my acquaintances had problems with anxiety and his therapist recommended him to do exercises and take walks. That worked for him and now he is really fond of sports activities. Those activities made him one of the happiest person I have ever known.  On the other hand, there are kids who feel uncomfortable when they are doing exercises in front of other children. Some are often rude and make fun of other's bodies and that can cause self-esteem problems.  However, I believe that the results of doing exercises are worth it and you can make the best of it, despite rude people.  To conclude, phyisical activities are a necessity in order to feel good, be  healthy and look good. More people should  do sport because it is wholesome and they will have many advantages after doing that. ",,C2,C1,train,C1,331,long
essay_49b36603ad86adc7,1658148626,2022-07-18 13:50:26,prompt_e404501e9bbbc094,user_64471b2cc7fe1df7,user_64471b2cc7fe1df7_prompt_e404501e9bbbc094,2,False,True,Portuguese,"I recently discovered Write and Improve, a new writing tool for English learners that is easy to use and helps you write better. The main features of the tool are many tasks that you can use to write texts and submit them for correction, the application identifies what is wrong and make recommendations to improve your writing.  This tool is useful because you can see recommendations in real time, show you a grid with IELTS scale and the position of your text between levels A1 to C2. It shows the words that are wrong  and the tasks have different levels, you can start at Beginner level, advance to intermediate and advanced level. There are tasks to improve your business writing and new tasks are added monthly.  One thing I like about the tool is the option to write the task I want, I don't have to do all the intermediary tasks to go to the advanced level for example. I have some difficulties and I miss some resources like tips to use in my texts like the right use of collocations, how can I improve my sentences and resources to help me create better phrases.  Some recommendations to improve the tool include: More rewards to engage the writer, tips to help with writing, a graphic with filters to show all our progress through the levels and a personalized study plan. Maybe we can have a guide to compare our writing evolution to some guide ruler, are we on the right path or not?",,B2+,C1,dev,C1,253,long
essay_aa77f00dc1561e31,1614172217,2021-02-24 13:10:17,prompt_394b6f53ecc6f98d,user_c1202d2312d75177,user_c1202d2312d75177_prompt_394b6f53ecc6f98d,3,False,True,Polish,"I truly hope that each parent has a right to raise their children the way they find appropriate. However, feelings and believes are not only difficult to articulate, but also very individualistic. Therefore, looking at what data tells us is crucial.   Like any other other tool, video games can be put to good or bad use. For example, if young children play a game designed for teenagers, it will harm his psyche. That's because games can evoke strong emotions, and providing them with a defenseless child is a bad idea. It can lead to anxiety or aggression in the long term.   Another harmful way, is to allow our children to play whenever they like. If there are no restrictions in place, child will play for the whole day. And sometimes even the night.   In contrast, educational games are very useful and desired. We play video games because they are fun, and if we can make learning fun, the success is inevitable.   To summarise my short asnwer, I'm for a reasonable and controlled use of video games. Not only for educational purposes, but also for pleasure. ",,C1,C1,train,C1,185,medium
essay_fbd90fcc45375f1c,1595768068,2020-07-26 13:54:28,prompt_6cb0c85d60a4ef2e,user_1e29f29ad5a6ab91,user_1e29f29ad5a6ab91_prompt_6cb0c85d60a4ef2e,4,False,True,Japanese,"I disagree with it. There are three reasons why I oppose that opinion. First, sports activities are the only solution to keep people healthy. Running or doing yoga can also work as the method of promoting our health. If universities and schools made their students exercise in their facilities, it would be difficult to fulfill all students' favors. Some students would not be satisfied with the schools' policies. However, if the schools let their students exercise outside, it would be also hard to manage the students' activities. Briefly, it is absurd from scratch to force students to do exercises regularly.  Second, there is little scientific evidence to support the frequency of playing sports. Is it really enough to do exercise three times a week? This opinion does not explain at all how many hours we should exercise in a week. At least, those who are in favor of this opinion should provide information about the basis of their statement. In my opinion, they cannot get support from others without showing prominent scientific evidence. Third, I think it is not always good to make much effort to become healthier. It is true that there may be no problem for many people to be forced physical activities. However, it is not the case for some people with disabilities. Such people cannot participate in sports as well as ordinary people. To improve our inactive lifestyle, we only have to increase the opportunities of exercise. It is appropriate for only healthy people, and this idea utterly ignores people who are willing to exercise but cannot do. If the given opinion pervades among a lot of universities and schools, it will be natural to get rid of people with disabilities. Thus, I am against this opinion. It seems to me that this opinion is not persuasive and dangerous. Therefore, I never admit it.",,C2+,C1,train,C1,308,long
essay_53c49469aa8fa82f,1610990154,2021-01-18 17:15:54,prompt_6cb0c85d60a4ef2e,user_951184840a8ea8a9,user_951184840a8ea8a9_prompt_6cb0c85d60a4ef2e,16,False,True,Hindi,"Nowadays, people are eating unhealthy food and living an inactive lifestyle. It is argued that all the university students and school pupils should be pushed forcefully to take part in sports games at least 3 times in a week due to negative effect on body of a lazy lifestyle. I agree with this because those activities would help people to live a healthy life and  are important for students to focus and concentrate.  Even though it is true that sports activities take a lot of one's time, I think these activities are very important for all the individuals, especially for students. One reason for this is that it would lead  to them losing weight and leading a much healthier and happier life, so in long run, they would enable them to be an active individual.To illustrate this, recently Norway implemented  strict rules and regulations for all the high school students to play games on any three days in a week. This had a dramatic effect on keeping the weight under control.   Another reason they are necessary is that students can achieve better results in exams. This is because exercises will make the students tierd, so they can get the sound sleep in the night. This would let them to focus on their classes and understand the subjects better. As a result, they can perform well in shcools and  universities and eventually, get a well-paid job. For example, according to extensive research, pupils aged between 10 and 15 who play any kind of spots game do far better in exams than those who don't do any type of activities.  To conclude, although  students might not find sports games interesting, I think it is important because students can live a beautiful and happy life. Also, they can achieve better marks in schools and universities.  ",,C2,C1,train,C1,302,long
essay_0c6bcf1760d3ad1d,1615820852,2021-03-15 15:07:32,prompt_30d627bea13ce859,user_3ab3b46156535bc6,user_3ab3b46156535bc6_prompt_30d627bea13ce859,11,False,True,German,"A child born today is predicted to live up ninety years, an age 20 years higher than just fifty years ago. Furthermore, statistics show that in the twenty-first century when almost every day a groundbreaking new medical treatment is discovered, life expectancy will increase each year about six months. But is it actually good that lives last so long or are short, but intense lives better? The answer is clear, when keeping in mind that long lives are unnecessary, when having lived a short but intense life where everything wanted was achieved. Experiencing everything longed for, a long life would conversely be boring and depressing as nothing new can be discovered. Therefore, shorter but exciting lives should certainly be preferred. Additionally, what is clearly more appealing when having a shorter life is that there are usually no health issues. Accordingly, living an active and fun life is achieved more easily, when being young. As a result having happy time on earth is spent much simpler, than when being older.  The last and most important argument supporting the thesis that living shorter but more intensively is better than having a long life, is that dying at an old age is often connected to paint. By this, not only physical pain, caused by diseases  is meant, but also emotional suffering. As a long life is lived, deaths and losses of loved ones will be experienced which can cause tremendous emotional distress. As a result, the long life is not as appealing as before when experienced without friends and family.  In conclusion, it becomes very clear, that growing old and living a calm life should be seen more critically than a short but intense life, for the various reasons explained above.",,C1+,C2,train,C2,288,long
essay_1cd7b5e5ac737223,1621794864,2021-05-23 19:34:24,prompt_39db840b1dee1ac1,user_6bb7c6574e6bac39,user_6bb7c6574e6bac39_prompt_39db840b1dee1ac1,24,False,True,Polish,"Nowadays, every company have an office. In some offices, employees work in open workstations. Other offices have an enclosed design - they are usually older ones. In my opinion, the very first way, which is also newer, is a better choice for a modern office. Just think about it. Everyone wants to work in a place where there are no walls separating employees from their co-workers, no matter of the position in which they are - everybody can be accessed easily. Another very important thing is that it allows them to people feel like they are in their own houses. Because of that, they are simply more cozy. Further going, due to reduced stress, people are more efficient and they are more likely to do their tasks correctly. It is a perfect example of a win-win situation. Employers are happy because, workers are doing their work right and employees are happy, because they are not stressed at all. Unfortunately, this type of design has some downsides too. There are jobs in which you have to be precise. In those scenarios, people have to be focused, so it might not be optimal to have an open designed office. It's for sure easier to achieve when you are in an enclosed, quiet workstation. ",,C1+,C2,train,C2,211,long
essay_7ba90c85c65076ee,1616181309,2021-03-19 19:15:09,prompt_6cb0c85d60a4ef2e,user_a0d86020916f73f8,user_a0d86020916f73f8_prompt_6cb0c85d60a4ef2e,3,False,True,Czech,"'It drives me up the wall!', said one student early this morning when he, sitting next to a computer screen, learned that all university students be advised to excrcise three times a week. This notice was immediately understood as an abrasive and nosy by many students, but, not so surprisingly, there is a good reason for embedding this rule.  The research shows university student in general and computer nerds in particular are activity-deprived individuals with fitness level so poor it raises a red flag for their physicians. Not only have some students stopped any exercising, but they substantially minimized their exposure to sun, fresh air, and shockingly, some of them even do not leave their dormitories any more. Although the lockdown and curfew exacerbates the situation further, the real problem is mostly the inherent lazines of the students.  Therefore, the college council suggested mandatory sports activities at least three times a week for everyone. Albeit justifiable, the decision triggers a question of personal freedome. Can the council indeed force students to engage in sports activities? Some argue this is simply illegal, and thus, impossible to do so. But, this coin has another side as well. The council is a body fully responsible for well-being of students and as such, it is entitled to take care of their mental and physical health. Therefore, the above mentioned statement is conceivable. Clearly, this non-trivial affair will ignite a fierce disputation in the next student assemblage. But, given the ussual bland and boring discussions, it is a great achievement as well.  Our colleague Bend-Over shrewdly commented this situation is a lose-lose situation: students are mad at the council, therefore they will hesitate to exercise. He gingerly suggested to encourage students' sporting activity by providing them free access to the gym and the swimming pool.",,C1+,C2,train,C2,300,long
essay_136b4178d0d01d6d,1631222404,2021-09-09 22:20:04,prompt_6cb0c85d60a4ef2e,user_fec81ac3b987b8e8,user_fec81ac3b987b8e8_prompt_6cb0c85d60a4ef2e,2,False,True,German,"We are living in a society in which the number one cause of death are cardiovascular related diseases which are in terms mainly influenced by factors like activity and nutrition. This poses rightfully so the question whether the national government should consider a mandatory sport membership in a sports club?  Starting of with the legitimacy. Of course such a policy is considered to be a huge intervention in both parental autonomy and the freedom of the concerning child. However one can argue that in health related issues such interventions can be justified as it is already the case in other health care issues and preemptive medical examinations. Another often overlooked challenge is that new policies can result in social injustice and discrimination. Applying this to our case one notices a need for at least partial public funding of the activities or sports clubs in order to legitimate it. Also a social stigmatisation of untalented may arise.  Looking at efficiency we have to ask us how well would such a policy induce the desired result without costing too much. Looking at costs might be quite simple if the policy shows any effect, expressed in lowering hospitalization rates at all, the net savement of health insurance costs already finance the regulation. However one has also pay attention to any beaurocratic challenges entailed by the supervision of such a regulation. Another argument against this case is that most cardiovascular related diseases only arise at a certain age and school children are virtually unaffected. The only thinkable benefit would be the building of healthy habits at a young age and the establishment of more prominent role of sports in our society in general.   As you can see a similar regulation entails many potential consequences. And one important question remains unanswered, is the intervention in our children's freedom worth the possibly small benefits? ","723,725",C2+,C2,train,C2,308,long
essay_e40b84e2a7511b25,1594289948,2020-07-09 11:19:08,prompt_6cb0c85d60a4ef2e,user_0d021468b1ee462e,user_0d021468b1ee462e_prompt_6cb0c85d60a4ef2e,5,False,True,German,"Regarding the recent discussion about the suggestion to force children to do sporting activities at least three times per week, I decided to list my arguments for each side. This could help me to conclude which side of the argumentation I agree with.  Based on several studies which prove that activities can improve the health constitution of children, many teachers and scientists propose more physical education for children. Further research has also shown the obesity rate of children to increase. This problem might be dealt with by forcing children to do more sport. In return this could help them to lose weight, but also to gain an interest in sports. Without being forced to do sport these children might have never discovered their interest and as a result more young people will enter a sports team to pursuit the desire of sport.   But of course there are also other arguments which refute this idea. The main contradiction for many people is the idea to force children. Compulsion can never be a useful way to convince children, who need to be taught the valuable good of liberty. Even our constitution enshrines the moral value of freedom. Therefore children cannot be forced to do more sport only due to the fact this will improve their health. As humans are not allowed to constrain each other, everyone needs to discover the importance of sport for himself. Furthermore experts are afraid of the mental consequences for children, who were forced to do sports although they avoided it previously. There is a variety of reasons why children are not confident with their body such as the shame of obesity.  In conclusion I would recommend the executives to avoid forcing children to to anything as this will only cause more harm. Of course sport is really important as it can improve the fitness, but this needs to be something the children decide for because they appreciate it.  ",,C1+,C2,train,C2,321,long
essay_094e880b9cd848d3,1619947388,2021-05-02 10:23:08,prompt_30d627bea13ce859,user_9593744091569326,user_9593744091569326_prompt_30d627bea13ce859,3,False,True,Vietnamese,"Given a choice between a long, calm life and an accelerated lifestyle, I would opt for slowing down the pace of life for these following reasons.  For one thing, there are potential drawbacks of leading a fast-paced lifestyle. Due to being pressed for time it is highly likely that people would rush things, and inevitably make mistakes.  Also, people would avoid reflecting on experiences, therefore no lessons is learned and no adjustment is made for the better.  Even though people might feel better about their use of time compared with those with a leisurely pace of life, faster lifestyle could lead to stress and its consequent effects.   For another, adopting the lifestyle which is calm and tender could be beneficial. Firstly, people would have moments to reflect on their experiences, hence improving the future outcome when the same scenario happens. Secondly, this pace of living would allow people to avoid the probability of being stressed as well as the better chance to relax and recharge their energy. That is the reason why every year thousands of people would flee the big cities in search of the rural idyll. Finally, some people are not driven by a determination to stridently blaze a trail through life due to their deep appreciation of the present. It may also be a smarter and more strategic approach to life's unpredictable turns.  In conclusion, though living intensely with a timetable full of activities sounds exciting, I think people should get out of the fast lane and introduce some slowness to their lives.","1483,1486",C1+,C2,train,C2,256,long
essay_745f4470a99eba48,1628440119,2021-08-08 17:28:39,prompt_e0d347fb2afea90b,user_4460432564a0e1bf,user_4460432564a0e1bf_prompt_e0d347fb2afea90b,8,False,True,Italian,"Nowadays, it is quite common for students to live on their own while attending university, especially in prestigious universities where the selection requests come from all parts of the world. For most of the students, it is the first experience in their life where they have to look at themselves and do tasks normally done by their parents such as cooking, cleaning the room, and paying bills. The interesting idea of living on their own while attending the university is the experiences you may have with the students who live with you. It is not common for college students to live alone, however, it is more common to live in facilities such as dorms or shared houses where the student has their own room and some shared rooms where they can socialize with each other. The idea of a group or fraternity is the most attractive thing to most college students because it can lead to good memories to remember at the end of the experience. Living with our family is a good option when you would like to save money since living in such structures is really expensive. It is affordable for many people, but still not for all of them. I personally have experienced both experiences and I would recommend all the university students to move away and live on their own because, after the initial moment of difficulties, I experienced moments impossible to live at home with my family. The time passed with the other students was an important moment of growth fundamental in the life of a person.",,C1+,C2,train,C2,262,long
essay_13163eaf9dff3c53,1628524272,2021-08-09 16:51:12,prompt_8e0f8cbbba514658,user_4460432564a0e1bf,user_4460432564a0e1bf_prompt_8e0f8cbbba514658,10,False,True,Italian,"Volunteer work is an aspect of everyday life really well appreciated by many people that can be done in many different ways. The activities normally performed in volunteer work could consist in working for some local institutions normally involved in helping people in a difficult situation or in working for the municipality, but the goal is always to involve the volunteer to work on the social side. This is mostly an extracurricular activity not recognized by schools, but some high schools started to propose volunteering as a requirement that students must meet for graduation. This proposal recalls what is normally done for some university degrees, where university students have to carry out a few hours of internship to graduate. Personally I approve the proposal of these high schools because volunteering is fundamental in this selfish and fast world dominated by the idea of thinking only of ourselves. It is an opportunity to start to understand for real the everyday problems of our city and start to understand how we can help others. Plenty of times, people live in a place for years without noticing some of the details, and sometimes even by convincing ourselves that these details aren't problems. Volunteer work, meant as the experiences in public life, should open people's eyes to bring them back to reality. These experiences are really important for personal growth and enrich and influence us for better choices in the future.    ",,C1+,C2,train,C2,237,long
essay_eda0812373319284,1621786969,2021-05-23 17:22:49,prompt_6cb0c85d60a4ef2e,user_d1d60a606995c1cb,user_d1d60a606995c1cb_prompt_6cb0c85d60a4ef2e,6,False,True,Italian,"During the last 10 years, university students and school children have changed their way of playing and spending their spare time  gaining new unhealthy habits. Younger generations have been starting to spend lesser time outside than the older ones, preferring playing computer games or simply watching television rather than thinking of a game to do outside such as playing hide-and-sick or playing football or even simpler just take a short walk.   Not playing often outside, spending instead most of the time sat on a chair or on a sofa, the bad result on their health has started to show heavily. In order to avoid worse consequences on the adult life, doctors and health experts would suggest forcing them to do any physical activity at least three times a week. I definitely agree with this suggestion.  I believe that children, teenagers and young adults should be educated in a new culture for a healthier body by drawing their attention to the sports activities and besides this, I would add as well, the stress on a healthier diet would not do any harm.  Whatever kind of physical or leisure activity  which involves mouvements would fit perfectly with this new kind of education. Therefore not only taking a swimming course or a football training, but also taking the stairs instead of the elevator, going to school on foot or by bike instead of by bus or by car, could be a good start towards the right direction to improve the bad unhealthy habits.  Parents should help their children in this task as they look at us as an example, always. However the frantic modern life can sometimes  refrain us from taking a healthier behaviour because it could look like  more difficult. As long as we, as adults, do not change our static lifestyle, we will not be able to push our children to explore new healthier habits. If we wish to gift them with a health adut life, we will have to begin soon. ",,C2+,C2,dev,C2,331,long
essay_9ee9092c0b0c372a,1637873817,2021-11-25 20:56:57,prompt_2865cfff040b541d,user_4fb48b9b92b7e40a,user_4fb48b9b92b7e40a_prompt_2865cfff040b541d,4,False,True,German,"Dear members of the City Council,  With this letter I would like to remind you of our constitution. According to Article Two of our Basic Law, every person has the right to act as he or she wishes. Therefore, your plan to ban cell phones on public transportation, in stores, and in restaurants is unlawful unless you can show good cause.   Restrictions on our right to act as we wish are only possible if you have a good reason for doing so. However, you have not given such a reason, nor have you explained why you want to ban cell phones in the places already mentioned. As far as I can tell, there is no danger from the activities you intend to ban. Nor can I see any other good reason to enforce your idea.   I can only assume that you are looking to patronize your citizens. It seems to me to be an idea aimed at preventing people from using cell phones in situations where a well-behaved person would not use these devices. However, while this cause is understandable, it is an impermissible restriction on our constitutional rights. Social norms should never be imposed on people by law. In the long run, such overregulation will lead to dissatisfied citizens and unrest.   Therefore, I believe that you should refrain from your idea of regulating the use of cell phones in public transportation, restaurants or stores. ","100,109,692,699",C1+,C2,train,C2,235,long
essay_98365e4048fbd228,1595927622,2020-07-28 10:13:42,prompt_39db840b1dee1ac1,user_cdabb1682d1cdf09,user_cdabb1682d1cdf09_prompt_39db840b1dee1ac1,8,False,True,Persian,"Some employers think that separate spaces are better for their employees than open offices, while others believe that this will reduce the quality of work. In my opinion, it totally depends on the type of work and job that company is doing. If the type of work falls into a category which requires deep focus, then, a shared office will not be not a good idea. The distraction caused by others will drain the employees' concentration and the quality of work will be decreased. For example, in a programming company, the employees need a quiet environment to focus on their codes, and a noisy place or a place full of movement will not let them focus on their work.  On the other hand, some type of companies need a sharing office since contacting with other colleagues during the work time will generate more creative ideas and can lead to a strong relationship between them which is needed for work. Furthermore,  some of the projects are defined to be done in a team and offices with open design can make the team's results more effective as the team members are constantly in touch with each other and all the team know the progress of the project and what will be the next step.",,C1+,C2,train,C2,212,long
essay_c789c2c861f70c34,1613213439,2021-02-13 10:50:39,prompt_30d627bea13ce859,user_7f277c885f63ec92,user_7f277c885f63ec92_prompt_30d627bea13ce859,24,False,True,Spanish,"It goes without saying that, living a long and successful life is a craving every individual has. However, when it comes to choosing between having a long but calm life and a shorter but more intense one, no doubt I would stand for the second option. My thoughts about that matter are going to be displayed as follows.  To begin with, I would like to point out some of the reasons why I would undoubtedly choose having a shorter but more exciting life, instead of a long and calm one. If there is something remarkable about our mere existence, it will be nothing but the fact that we all have just one life. This certainty of having just one life makes it be the most valuable treasure one can possess because it is unique and genuine for every single person . We all are well aware of, at some point, our lives will get to an end. Perhaps, because of that statement I consider that, in terms of time, quality prevails over quantity, if we have under consideration that the more experiences you have, the higher sensation of happiness you will feel. At no circumstances should anyone regret any decision made which comes from our hearts.  Nevertheless, some drawbacks should be mentioned with regard to having a shorter existence. By living lesser, not only are you to miss the opportunity of witnessing how your children grow but also you are not going to be able to get to know how the future gets developed.  Last but by no means least, I would like to conclude by bringing focus to the fact that no matter what your choice may be, the most pivotal thing is that you have to be who you want to be during your life whatever it may last because that way is how you will find the sense of belonging. ",,C1+,C2,train,C2,313,long
essay_4a6ab10a30413ba4,1613584848,2021-02-17 18:00:48,prompt_1a893b704d9d98d4,user_7f277c885f63ec92,user_7f277c885f63ec92_prompt_1a893b704d9d98d4,3,False,True,Spanish,"It goes without saying that, telling the truth is commonly believed to be the best option whenever we are asked about anything. My thoughts about that matter are going to be displayed below.   To begin with, I would like to point out the reasons why people who are in favour of telling the truth permanently give to support that idea.  Needless to say, we contribute to our credibility by giving a neat and honest answer. People find it easier to trust us if we do not hide the information we possess and explain the facts that lead us to certain positions with regard to a topic.   Nevertheless, some drawbacks should be mentioned concerning telling the truth as it is the case of bad news. When it comes to giving information that could be harmful or delicate for a person, we ought to take into account the other person's feelings. For that reason, I consider that every now and then it is understandable to tell a lie instead. Particularly, when we talk about information rated as overwhelming.  Last but by no means least, I would like to conclude by bringing focus to the fact that we should evaluate previously if the information we own is worth being given to the other person. If we cause a problem by telling the truth, then it would be preferable to keep that truth to yourself, otherwise, we would regret making a person unhappy.",,C1+,C2,train,C2,239,long
essay_15bad0a74b8710b3,1608748017,2020-12-23 18:26:57,prompt_2865cfff040b541d,user_7e908bdd8a09e44e,user_7e908bdd8a09e44e_prompt_2865cfff040b541d,2,False,True,Polish,"Dear Sir/Madam!      I have a distinct pleasure to write this letter with the intent of expressing my candid insight into the ban on mobile phones on public transportation and public places.   My life experience enabled me to conclude that material possessions offer temporary solace; due to my perseverance in self-improvement and investment in my education. I broadened my perspective to the point of being able to shift dramatically from materialistic to spiritual.  This spiritual awakening enabled me to become successful in determining the right and wrong aspects of human activity.   Never have I been more convinced of the detrimental effects of mobile phones on human well-being than in current reality, when our society is facing the unprecedented spike in mental health issues, single-person households, divorce rates, addictions, broken homes, and suicide rates, not to mention security concerns related to mental exhaustion that prompts hazardous behaviors in humans.   Moreover, a national inquiry into effects of mobile phones on toddlers aged one to three years old carried out in 2006 by the National Institute of Science reveals that pupils engaged in online activity for more than two hours a day demonstrate shorter brain wawes compared to their counterparts who were not exposed to such stimulation. Additionally, the first group reports a considerable increase in self-esteem and academic achievement.    For this reason, I urge you to implement the prohibition on mobile devices in public facilities.  Should any additional detail be required, I would be delighted to provide more information backed by in-depth scientific insights to support my theory.  Yours faithfully  Maddalena ","677,687",C2,C2,dev,C2,258,long
essay_99249c30fed4636a,1626582954,2021-07-18 05:35:54,prompt_30d627bea13ce859,user_78f40df5f2874b4a,user_78f40df5f2874b4a_prompt_30d627bea13ce859,2,False,True,Vietnamese,"Essentially what you are asking is if one would choose a short life of intimacy, home and family versus a fast paced life of sensation, never forming long lasting intimate relationships and flittering from one thing to the next in search of adventure and excitement.  The choice is crystal clear. A slow, short, boring life but one filled with the real intimacy of a true partner; the love and nurturing of a family, pets and causes and development of real and loyal friendships beats the fast life of loneliness, ships that pass in the night, quick trust and quicker betrayals; the excitement of adventure, shared alone or with strangers, the duplicity and fickleness of the limelight.  The answer is clear, just as George Bailey learned in 'It's a Wonderful Life'. You can never put a price on real love, trustful intimacy or the knowledge that there are friends who will be there when you call. It's boring sometimes, and the duty is often tedious but when you go to bed at night you are not alone, in your soul. The other way leads to alcoholism and extreme experience, drug abuse, divorces, loneliness and suicide. Just look at the lives of the stars and famous, all seeking that trust and intimacy and finding only betrayal and loneliness. No wonder they turn to hard drugs - they are committing slow suicide, passing the time oblivious to their aloneness while they are nodding off, waiting to die, wishing for someone to love them, truly love them, for who they are, not what they represent or can do to advance the careers of other ambitious wannabees.  Everyone is different but you may someday agree that a normal life is equal to or more fulfilling than an intense life. Have been fortunate to spend years traveling and enjoying new experiences but take the greatest pride in professional and family life.  Will gladly take even just 50 years of waking up most mornings without a hangover and instead spending time with family.","155,162,485,488,1683,1687",C2,C2,train,C2,336,long
essay_38a918110965e2da,1635379526,2021-10-28 01:05:26,prompt_1a893b704d9d98d4,user_6d0fb4476246dd7b,user_6d0fb4476246dd7b_prompt_1a893b704d9d98d4,2,False,True,Portuguese,"It is never acceptable to tell a lie. Why do we keep telling lies anyway? It's a terrible thing to do and it's a terrible precept to live by. It's important to always tell the truth, always be honest with yourself and with others. When a person lies, she first of all is lying to herself and this is a terrible mistake. For example, when I first lied to my mom about what I was feeling, I wasn't able to make a connection with her, she couldn't help me with my mental health issues, so I kept lying but at the end of the day that was killing me inside because it only kept us apart. Furthermore, it's not a good choice to lie and in some countries is a crime condemned by law. With lies, you can destroy people's lives and this will come back to you way more stronger. We never like it when people lie to us, a fake person is never welcome in our environment and whenever that happens we feel betrayed and that person is not seen as a good person at all. In addition, honesty is an important value that we should keep in our thoughts and reflect about our attitudes towards others and the consequences of our lies, because it has serious damage and no one likes it.",,C2,C2,train,C2,225,long
essay_40f60efd1507c707,1612800905,2021-02-08 16:15:05,prompt_9564cdfd1ab47024,user_5441e643aca888d6,user_5441e643aca888d6_prompt_9564cdfd1ab47024,2,False,True,Italian,"The expansion of metropolitan cities has influenced several professional figures. Concerning medical doctors, who are the main topic of this brief essay, these are involved in this evolving phenomenon. In fact, most of them are moving into big cities, where the amount of patients and, more in general, people is larger than in the country. Of course, money is another important reason.  As a result, the number of medical doctors has been strongly decreased in the rural areas, becoming an important issue which has to be fixed as soon as possible.  Therefore, what would the solution be? We would try to answer this hard question.  First of all,  some procedures for the employment of new doctors should be modified. For instance, ten thousand young doctors are waiting for a job in Italy and, at the same time, some regions have not enough doctors.  Hospitals must be renewed in order to be more efficient and safer than in the past, so that doctors can do their work properly. Because of the pandemic emergency, doctors and any medical figure represents an important resource for fighting this bad enemy, which is everywhere, not only in the big cities. Little towns, rural areas and poor people must not be left alone.   ",,C1+,C2,train,C2,207,long
essay_e6d96e8b0d6894c9,1638113446,2021-11-28 15:30:46,prompt_2865cfff040b541d,user_0fa4d8ea180e45cb,user_0fa4d8ea180e45cb_prompt_2865cfff040b541d,2,False,True,Polish,"Dear Sir or Madam,     I am writing this letter in response to the recently published proposal banning the use of mobile phones in public settings and I would like to express my disapproval of the above proposal. It came to my attention that public transport, shops and restaurants will be mainly affected by this newly created idea.    To begin with, I would massively appreciate it if the Council would like to cast a bit more light for us on why they are thinking this would be a good move. A far as I am concerned, none of the reasons we have been presented with were supported by any scientific evidence. Therefore, I am demanding the town Council to present the public with their backed up by science arguments.   Moreover, neither I nor anyone in my family had been ever approached and asked to give our own opinion about the topic. Should not be our local representatives more in touch with their people when it comes to making such drastic changes in our lives? Do you think, this is the right way to treat your citizens? Well, I must strongly disagree with you, then.    And finally, to sum it up,  I would like to propose organizing another meeting where everyone who might be affected by those changes was able to express their views.  ","983,984",C1+,C2,train,C2,222,long
essay_9c1f62421d8e1d3a,1636146818,2021-11-05 21:13:38,prompt_30d627bea13ce859,user_ec905d081914f32f,user_ec905d081914f32f_prompt_30d627bea13ce859,3,False,True,Romanian,"From the beginning of time people have tried to somehow find a way to elongate their life span. Things such as the philosopher's stone and witchcraft were invented for this reason. Even nowadays people dream of living over 100 years but is it really worth it? In my opinion, living a short but much more intense life can easily compensate for those 100 years of calm as it is believed that you need to live your life to the fullest. While being aware that your time on this earth is limited, you feel the need to cherish every moment. Having a short life reminds you that moments such as birthdays or celebrations need to be remembered and cherished properly. Secondly, living for 100 years could not only get tiring but also lonely. Having to see all your loved ones pass away can break your heart. The calm could come in handy when you're old but while you're at the peak of your youth, the need for calm goes away quite quickly. For example, a 20 year old regards the calm as a need only during weekends while for a 60 year old person, calm can be crucial to their everyday life. To conclude, the sweet but short moments you live in a shorter life can be more fulfilling than when you live a longer but more calm life. The intensity of the shorter life is always more welcome than the boredom and repetitiveness of a longer life span.",,C1,C2,train,C2,248,long
essay_82a7da2464a0b84a,1628859481,2021-08-13 13:58:01,prompt_30d627bea13ce859,user_4460432564a0e1bf,user_4460432564a0e1bf_prompt_30d627bea13ce859,3,False,True,Italian,"We live in a historical era where the medical sector has made huge steps in the direction of keeping you alive for 100 and even more years. The lifestyle and the diet we follow in our lives are two of the main factors that influence our life and for living a long life you must do sacrifices. I am a person more into the idea of living for a shorter time but much more intense instead of living for long and calm life. In my mind, the idea I have for a long, quiet life is for something with no experience and no risk. Experiences are key moments in every person's life and are good times for personal growth and to be a better person in this selfish world. I can't imagine myself in a quiet life without the crucial experiences that have completely changed my life. Living abroad in a country with a completely different culture from mine or the idea of moving from my hometown to study at the university that I have always dreamed of had some risks of destabilising my life, but are intense and unforgettable experiences that I would do again. A life without any risk is a life that is not lived because the risks are part of the game we are experiencing. The risks exist and must be fought If you want to reach your goal and not be at the same point forever in your life. ",,B2,C2,train,C2,244,long
